handle,followers
mandrea_a,136.7K
oussama.benbot,75.7K
luca,2.3M
aissamandi23,1.5M
m.dorval93,109.8K
tougai_med_amine,4.8K
belaidzineddine_04,212.2K
jaouen.h3,279.7K
r.aitnouri,1.0M
youcefatal,3.3M
rbens.official,3.4M
rafikbelghali17,239.5K
chergui31_,213.3K
rramizz_,394.7K
h.abdelli8,283.9K
ismaelbennacer,4.0M
hicham_boudaoui,1.3M
fareschaibi28,756.4K
ademzorgane8,83.7K
__ilan.k__,190.9K
adel_boulbina10,895.9K
riyadmahrez26.7,12.6M
baghdad_bounjah,3.7M
hadj.a20,863.5K
11bakrarmounsef,149.4K
amoura_mohammed_el_amine,1.2M
ibomaza,1.3M
redouane_.berkane,119.6K
gerorulli,1.0M
walterbenitezoficial,92.6K
demiantalavera,2.7K
cutiromero2,5.1M
nicolasotamendi30,8.7M
tagliafico3,4.2M
marcosenesi,577.4K
kevitomac97,107.2K
juanfoyth,1.3M
rodridepaul,14.0M
locelsogiovani,3.5M
em10buendia,269.2K
alemacallister,8.6M
thiago_almada23,2.2M
maxiperrone16,173.7K
colo.barco,2.2M
nicopaz1o,2.1M
leomessi,511.5M
nicoigonzalez,1.6M
lautaromartinez,11.8M
flacolopez_10,905.6K
gianlucaa_11,330.9K
joaco_panichelli,85.7K
matyryan,165.7K
paulizzo,8.1K
patbeach_,2.3K
milosdegenek,146.0K
jasongeria,12.2K
callumelder_,18.5K
cburgess95,22.3K
breadrowles,8.5K
jackiredale14,11.7K
lewis.miller3,12.6K
kaitrewin,2.7K
james.overy,18.0K
jacksonirvine_,307.0K
rileymcgree,32.0K
_aidenoneill,7.3K
connor_metcalfe,13.1K
cammydevlin,20.0K
max.balard,4.7K
paulokonjnr,2.2K
martin_boyle9,34.3K
craiggoodwin16,43.8K
daggers_98,6.0K
toure17,8.9K
mohamed.2re,107.0K
nestory._,128.1K
schlager_alex,14.6K
patrickpentz,43.4K
nikxpolster,2.9K
_nicolaskristof,3.9K
davidalaba,15.4M
philipp_lienhart,54.8K
marcofriedl_32,112.0K
stefanposxx,105.9K
mwene,34.0K
kevin.danso,232.3K
alex__prass,30.1K
leoquerfeld,20.4K
konradlaimer,377.6K
-,Error
alessandroschoepf,61.0K
floriangrillitsch,47.2K
romano_schmid,43.5K
xav_er_,33.8K
baumi_14,93.7K
patrick_wimmer,35.4K
nicolasseiwald,32.0K
m.arnautovic7,530.6K
mgregerl,84.3K
marcogruell,16.2K
r10.raul,6.8K
-,Error
thibautcourtois,17.6M
matzsels,102.4K
maarten_vandevoordt,41.5K
senne_lammens,1.2M
mike.penders,78.2K
axelwitsel28,1.3M
thomas12meunier,929.9K
brandonmechele,35.1K
timothycastagne,88.5K
maxim.decuyper,53.1K
arthurtheate,88.4K
konidewinter,103.7K
ngoy_nathan,30.7K
joaquinseys65,20.9K
youritielemans,602.7K
hansvanaken20,81.4K
n.raskin,113.2K
charlesvanhoutte,9.1K
its_onana,652.4K
leandrotrossard,1.6M
lukebakio,164.4K
alexis.saelemaekers,643.9K
l.openda,408.7K
jeremydoku,3.4M
charlesdeketelaere,334.7K
diegzyyy,320.2K
romeo_vermant_,29.3K
ederson93,5.7M
johnvictor,295.0K
bento_matheus,439.0K
alxsndro12,2.7M
marquinhosm5,7.1M
daniluiz2,4.0M
edermilitao,10.8M
pholiveira_96,294.4K
fabriciobruno96,1.1M
caio_hennriquee,10.6K
lucianojuba46,253.5K
wesleyfranca03_,2.1M
casemiro,22.5M
fabinho,2.8M
brunoguimaraes,2.4M
lucaspaqueta,12.0M
andreysantos_5,1.2M
richarlison,21.2M
vinijr,58.5M
cunha,3.2M
rodrygogoes,23.0M
joaopedro.oficial,2.4M
luizhenrique_07,788.2K
vitor_roque9,3.7M
estevaowilian_,4.9M
jamespantemis,11.9K
lukagavran_,3.4K
richielaryea,29.7K
jjwatermann,8.5K
kmillz_00,138.7K
zorhanbassong,7.5K
jahkeele.marshall,233.6K
matteodebrienne,5.3K
noah10x,2.3K
j.oso21,36.1K
mathieu_choiniere,10.9K
ralphpriso,5.4K
malikhenryy,1.7K
jeevanbadwal_,3.7K
jaydennelsonn,15.2K
jacobshaff,27.5K
jrr.13,6.7K
omotoflo_.1,1.4K
sholajimoh_,3.8K
rayanelloumi,5.2K
tiagocmbra,5.3K
brunovarela12,130.3K
vozinha1,26.8K
marcio_rosa97,10.1K
dineyborges3,21.6K
heritavares91,24.4K
jojomlx,4.1K
sidnylc,91.4K
wagnerpina_,40.5K
__kelvindjack19__,3.8K
dmmoreira5,7.7K
stopy22,29.6K
a.dacruz17,22.7K
larosduarte_,9.3K
jamiromonteiro,28.6K
deroyduarte_,10.3K
arcanjo__18,24.6K
jpfernandes_18,8.8K
kevin_lenini,20.6K
-,Error
-,Error
rodriguesgarry,396.5K
nunodc29,30.9K
wsemedo7,15.3K
dailonlivramento,41.2K
helio_varela,10.2K
d_ospina1,6.0M
alvaromontero1,171.1K
kmilov12,444.2K
daniel.chitiva,1.1M
santiagoarias13,2.2M
johanmojica,814.3K
yerrymina,3.5M
daosanchez13,1.9M
alvaroanguloficial,76.1K
jhonlucumi26,132.0K
carlos_f20,238.6K
jamesrodriguez10,51.8M
laporti10,197.6K
jeffersonlerma,365.4K
carrascall,2.0M
jhonariasa,1.0M
richardrios.m,5.3M
kevincasta5,766.3K
gustavo_puerta_10,165.0K
yaser_asprilla_10,612.2K
jhon_cordoba15,26.5K
rafaelsantosborre,1.6M
luisdiaz19_,7.7M
carboner00,213.6K
luissuarez.26,286.2K
andresgmz_11,242.2K
yahia.fofana_,114.1K
mrkone15,4.2K
alban_lafont,154.2K
ousdiomande,101.3K
konan_ghislain_3,560.2K
armeljuniorzohouri,8.5K
odilonkossounou,282.0K
willy__boly,362.0K
operi.c,28.1K
guela.doue,340.0K
agbadou_emmanuel,200.3K
evanndicka,250.4K
mika_seri6,264.8K
sekofofana,675.9K
franckkessie,2.5M
ibrahim_sangare225,275.7K
inao_christ,167.8K
jean_philippe_gbamin,288.1K
bayo_koun10,75.3K
wilfriedzaha,2.0M
jpkrasso,110.9K
oumar_diakite10,237.6K
amaddiallo19,2.9M
e.guessand,107.5K
bazo_bazo28,36.9K
diomandeyan77,177.8K
dominiklivakovic40,974.7K
ivicaivusic1,29.6K
dominikkotarski24,34.5K
ivorpandur,23.8K
duje_ccar,18.8K
martin.erlic,59.0K
marinpongracic,34.1K
josip_stanisic,291.8K
josko_gvardiol,1.8M
josip.sutalo,99.9K
-,Error
lukamodric10,39.1M
pasalicmario,209.1K
niksivlasic_,135.0K
moronikola,28.6K
-,Error
tonifruk,14.6K
petarsucic8,50.3K
ivanperisic444,1.8M
andrejkramaric,375.3K
orsic99,126.0K
petarmusa,86.4K
igor.matanovic,29.1K
marco_pasalic,36.5K
ivanovic_franjo,92.2K
sir_bodak,1.9K
eloyroom,95.9K
-,Error
deveron.5,2.0K
shurandysambo,23.9K
juriengaari,6.4K
rvaneijma,3.8K
sherellfloranus_,14.1K
livano076,20.1K
leandrobacuna07,46.3K
j.martha42,21.4K
tyresenoslin,8.7K
armandoobispo_,38.3K
joshuabrenet,90.0K
tahithchong,517.4K
godfriedroemeratoe,165.0K
jbacuna07,52.1K
kevinfelida,4.8K
jurgenlocadia,605.4K
gervanek33,117.7K
j.antonisse,14.1K
sontje.hansen,67.3K
kenjigorre,47.8K
jjmarga__,5.4K
jordi.paulina,10.0K
hernangalindez,394.7K
moi_oficial1,62.8K
cristhian_loor1,39.9K
cristianramirez1994,96.7K
felix_torres_s_c,409.3K
angelothy_preciado17,378.5K
pachowillian,654.5K
leo_realpe2,37.0K
pierohincapie,1.6M
jhoannerchavez76,24.8K
medina_yaimar,16.5K
joel_ordonez04,112.6K
alan_franco21,191.7K
jordy_alcivar13,94.9K
moises_caicedo55,3.1M
pedro_vite45,84.1K
denilcastillo_5,14.6K
patrik___mercado,59.2K
kendrypaez.10,803.6K
ennervalencia1,1.3M
john_yeboahjr,261.3K
gonzaloplata,1.5M
kevin_larola9,133.3K
leonardocampana,624.5K
john.mercado17,24.1K
nilsonanguloo,91.3K
mindaalan_11,95.1K
jeeremyarevalo,23.0K
ahmadelshenawyofficial,1.9M
mohamedsobhyy99,1.1M
m.elshenawy1,3.6M
oufashobeir1,1.2M
khaledsobhi3,108.3K
mohany30,3.2M
h_abdelmegeed_36,380.4K
ramyrabia,2.2M
yasserebrahim5,1.6M
mohamedhamdy.21,308.9K
fatouh13,1.2M
ahmed_eid_99,12.5K
mohamedismaeil__24,165.5K
emam.ashour90,3.5M
hamdyfathy_8,1.7M
moshehata17,426.4K
muhannad_lashin,216.7K
marawan_atia20,1.7M
ibrahim_adel_30,554.9K
zizo_official25,3.0M
mahmoudsaber_33,102.9K
mahmoudtrezeguet,9.7M
salahmohsen_____37,1.1M
mosalah,66.2M
mostafamohamed.11,2.5M
mostafafathy30,1.1M
osama_fesal18,142.4K
marmoush,4.6M
jpickford1,1.6M
deanhenderson,1.0M
jamestrafford,347.0K
johnstones5,2.8M
reece,3.6M
bigdanburn,279.8K
chalobah,4.0M
ezrikonsa,313.3K
djedspence,432.0K
jarellquansah,756.6K
jordanhenderson,5.2M
declanrice,5.8M
elliotandersonn,214.0K
philfoden,12.5M
eze,2.6M
judebellingham,41.6M
alexscott,104.0K
nico33,482.1K
adamwharton10,149.4K
harrykane,18.1M
jarrodbowen,483.5K
marcusrashford,22.0M
mrogers,722.7K
bukayosaka87,7.7M
brice_samba1,231.1K
magicmikemaignan,2.1M
_lc30_,348.1K
lucasdigne,2.7M
lucashernandez21,2.2M
upamecano,1.2M
jkeey4,6.0M
theo3hernandez,4.8M
ibrahimakonate,3.3M
w.saliba4,2.6M
malogusto,1.0M
nglkante,16.6M
k_thuram,820.5K
m.olise,2.2M
rayan_cherki,2.5M
maghnes.a,143.6K
wzairemery6,1.2M
flotov,1.1M
c_nkunku,2.8M
iammateta,299.2K
hekitike,3.1M
bradley_dls,1.4M
olibaumann90,143.0K
alex_nuebel_33,130.0K
finndahmen,24.3K
noahatubolu,78.5K
nene.brown27,50.9K
jonathantah,520.0K
wowaanton31,95.9K
david.raum,233.8K
ridlebaku,144.1K
nico.schlotterbeck,641.0K
malick.laye,391.3K
leon_goretzka,2.4M
joshua.kimmich,8.6M
felix_nmecha,309.9K
flowirtz,4.8M
kevinschade_,99.9K
alekspavlovic_,488.1K
assan.odg,35.0K
sergegnabry,2.9M
leroysane,9.1M
jonathanburkardt,688.0K
karim_adeyemi,1.6M
jamieleweling,78.3K
nickwoltemade,1.0M
zigi_elikem34,127.3K
josephanang32,11.0K
official.asare16,9.8K
jeromeopoku,36.2K
dkoehn27,401.2K
gideonmensah14,126.4K
salisu_sarki,187.1K
alidu32,66.8K
77annan,21.9K
adjeteyadjeijonas,8.7K
kojo_peprah_oppong,13.0K
sibo_kwasi,86.4K
afrancis.8,28.8K
princeowusu_17,125.7K
cm.yirenkyi,10.9K
bta_,39.6K
antoinesemenyo,805.0K
kamaldeenho10,140.5K
christopher_bonsu10,103.7K
kelvin_nkrumah_7,8.4K
prince_adu_17,21.1K
johny_placide,63.5K
pierrot.jr,9.4K
josue_duverger01,19.7K
carlens_arcus,31.8K
keeto.thermoncy,3.0K
adericardo4,113.3K
hannes_delcroix,32.0K
garvenmtsa,11.1K
martin_experience,13.1K
duke.lacroix,26.1K
lvmbese,2.0K
bellegardejr,158.3K
leverton_p19,18.9K
danley_jean_jacques27,21.8K
carlfredsainte,10.5K
atttys,11.7K
detienne10,44.3K
nazon.official,1.1M
louiciusdon,24.1K
r.providence7,39.3K
_woobzzz,4.9K
frantzdy_9,475.8K
j.casimir_,58.2K
markflekken,94.1K
bartverbruggen1,173.3K
robinroefs_,48.6K
virgilvandijk,17.3M
nathanake,2.4M
ddumfries2,1.1M
mdeligt_,6.5M
lutshageertruida,130.1K
jpvanhecke,52.7K
jurrientimber,1.4M
mickyvdven,871.9K
frenkiedejong,14.4M
jerdyschouten,75.7K
tijjanireijnders,1.8M
ryanjiro_,2.0M
quintentimber,319.1K
lucianovalente40,98.0K
xavisimons,6.9M
memphisdepay,20.4M
justinkluivert,759.3K
codymathesgakpo,2.4M
noano,1.5M
donyellmalen,524.5K
emmanuelemegha,243.9K
hosseini21,1.8M
alirezabeyranvand.official,4.5M
mohammadreza_akhbari,214.0K
payamniazmand,783.8K
shoja_khalilzadeh,2.6M
seyedmajidhosseini5,419.8K
miladmohammadi.official,661.7K
danialesmaeilifar,459.1K
hossein_kanani6,2.1M
alinemati__official,397.0K
saadat.hardani2,1.2M
mhi_sepahani,1.9K
ariayousefiii,108.1K
saeedezatolahi,1.9M
omidnoorafkan_,229.6K
mohammadmohebi_official,370.0K
hadi7habibi,16.3K
mohammadomrii,435.0K
mohamadghorbani.6,149.1K
amirhossein_.hosseinzadeh,503.5K
mehditaremiofficial9,6.1M
alialipoor124,2.2M
saman.ghoddos,721.2K
-,Error
mehditikdari,79.5K
mehdi.hashemnejad20,149.5K
tainobu_big,10.5K
tomoki.hayakawa_official,35.3K
leobriankokubo,32.4K
shogo_taniguchi_5,230.5K
kouitakura,279.0K
ayumuseko_00,20.8K
yukinarisugawara,137.0K
tys_w0205,47.9K
junnosuke0712,25.0K
tomo_andy0110,15.2K
endowataru,1.5M
takumi18minamino_official,1.2M
kamadadaichi,258.5K
doanritsu,736.7K
tnk_0910,524.6K
joel_fujita0216,39.7K
kaishusano_1230,57.6K
sato_ryunosuke1016,36.4K
koki4629,67.7K
takefusa.kubo,1.6M
nakamura.keito,345.0K
machino9.30,57.8K
bee18_official,374.4K
m_daizen0827,255.5K
sota.kitano38,26.2K
keisuke.0603_42,24.9K
yazeed.abulaila,475.2K
malek__shalabeya,53.2K
-,Error
abu_hashish_1995,130.0K
abdallah_nasib3,355.4K
husam.abudahab.5,226.1K
hadi_alhourani_5,85.8K
amer_jamous9,177.6K
-,Error
issamsmeeri,171.5K
saleemo_obaid_18,61.9K
saadalrousan,151.1K
abu.taha10,338.0K
salem.alquraishi,370.0K
ahmadersan7,109.7K
rajaei.ayed,152.1K
-,Error
nizar_al_rashdan,366.2K
shararh_99,714.4K
odehfakhoury10,446.7K
ali_alwan9,1.1M
yazanalnemat,1.6M
m.almardi13,489.0K
-,Error
hyeonwoo2rin,125.6K
bumkeun_song,114.8K
kiminjae3,61.0K
mj11oficial,33.4K
hwan._.ii,86.1K
kim3taehyeon,16.7K
lee_tae_seok_88,17.6K
lee_hanbeom,36.9K
0_woo.98,232.9K
c.yuum_,46.9K
-,Error
jaesung17,161.2K
kanginleeoficial,1.8M
w_dujae,24.8K
jenscastrop,45.1K
sub_park,22.1K
x.xunho__,92.3K
kwon_hk01,12.4K
_.profeseo,3.1K
hm_son7,14.6M
hwangheechan,788.1K
js_eom7,19.0K
oh.hyeongyu,330.9K
whrbtjd,1.6M
minhyeok47,95.3K
angel_malagonv,824.0K
raulra_22,198.4K
carlos_al1,373.6K
sanchezjorgie4,833.5K
israelreyesr58,942.2K
v_guzman02,115.1K
ramonjuarez91,510.6K
eduardoac02,10.7K
everl_25,30.3K
jesusgallardo17,382.5K
richydezma,208.1K
gil_morita,958.4K
denzellgarcia_5,10.3K
eriklira,262.2K
luis.romo3,393.1K
charlyrdz,487.6K
alexisguty20,150.1K
marcelruizsuarez,282.0K
diego_lainez,1.5M
obed.vargas,91.6K
kevincv10,22.9K
ikerfimbres_,100.2K
briangutierrez_11,158.6K
bryan_glez11,178.1K
angel_sepulveda15,232.9K
hormiga_glez,500.4K
germanberterame,229.0K
piojo.13,826.3K
bounouyassine_bono,7.2M
muny1,1.3M
el_mehdi__al_harrar,110.3K
achrafhakimi,22.8M
nousmaz97,3.0M
nayefaguerd,3.5M
romain.saiss.27,2.6M
chibimohamed,562.9K
jawadelyamiq,1.8M
adam_masina_tm,1.1K
asedi_,252.3K
ait_boudlal,106.6K
youssef_belammari,305.8K
sofyanamrabat,5.1M
azzedine_ounahi,2.3M
brahim,12.6M
ismaelsaibari,1.3M
targhaoussama,200.8K
bilalekns_34,2.5M
neilelaynaoui,1.6M
hamza_igamane,507.2K
soufiane_rahimi,2.2M
benseghir44_,867.2K
iliasakhomach,1.3M
ez.abde,2.3M
ennesyri15,2.4M
ayoub_elkaabii,973.3K
chemsdinetalbi,280.4K
maximecrocombe,9.6K
nik_tzanev,4.4K
kees.sims,2.4K
mboxall,11.7K
tommysmith1990,8.9K
stormroux,5.3K
tuiloma_official,61.4K
james_mcgarry15,6.2K
francisdevries12,46.2K
george_stanger,3.2K
finn_surman,6.1K
tylerbindonn,14.6K
alexrufer,6.3K
drejong,9.0K
-,Error
sarpreet.singh11,70.1K
-,Error
markos_stamenic,29.7K
matthew.garbett,12.6K
kostabarbarouses9,20.6K
elijah_just,4.8K
_waineo,14.2K
jesserandall10,2.7K
_oldie8,13.9K
orjanhnyland1,65.5K
mathiaslonnedyngeland,5.3K
sandertangvik_,11.1K
marcushpederseen,80.7K
kristoffer.v.ajer,110.9K
julianryerson,127.2K
fredrikbjorkan,9.8K
tlheggem,13.8K
leoskirio,157.6K
wolfemdavid,29.5K
sondrelangas,9.6K
mortenthorsby,40.6K
patrickberg,41.9K
sanderberge8,121.1K
aron.donnum,33.3K
kristianthorstvedt,36.7K
oscarbobb,509.3K
thelo.aasgaard,71.7K
kristian.maltarnstad,16.2K
nusaantonio,277.0K
asorloth,504.0K
strandlarsen,120.7K
erling,40.2M
andreasschjelderup,227.4K
eddie7001,5.6K
johndavidgunn,17.0K
kevinogalvan,8.6K
omarcordoba6,5.3K
amed_1993,3.8K
jorgegutierrez07,22.3K
l.asprilla05,903.0K
cuti_davis03,1.3K
jchd_09,2.4K
aimarsnchezzz,1.1K
javier.rivera17,6.4K
hhhurtado18,10.8K
josegasperm,14.3K
jovani_welch07,8.6K
d.aparicio8,3.7K
richiphillips29,10.7K
abdul_knight17,3.1K
giovany_herbert,2.6K
-,Error
a_caicedo10,5.6K
10_tavitin,6.7K
saeddiiaz,1.1K
kahiserlenis23,5.6K
josekadir18,85.0K
gatitofernandez,310.2K
aldo_perez40,6.3K
orlando_daniel01,88.9K
caceres_j4,155.0K
gustavogomez462,1.8M
victorgustavovelazquez23,51.6K
-,Error
alanbenitezd,120.9K
alderete.20,384.2K
blasriveros98,195.9K
alexisduarte4.23,118.4K
gusasandez,249.3K
diego.leon04,321.2K
julioenciso.33,976.2K
miguel_almiron,1.4M
lucasromero__24,20.1K
kaku_romero17,162.7K
diegogomez08_,254.3K
andrescubas08,70.4K
braian_ojeda06,71.6K
matigalarzaf,407.2K
damibobadilla_8,305.4K
hugocuenca10,46.9K
tsanabria9,418.1K
ronaldoivan,134.7K
alexarce7785,86.1K
ramon.sosa17,619.6K
diegogonzalez011,64.1K
ruisilva_1,114.4K
josesaoficial,296.6K
diogomcosta99,1.1M
joao_carvalho,49.6K
jpcancelo,8.2M
nelsonsemedo50,3.3M
rubendias,4.3M
diogodalot,3.7M
goncaloinacio_25,234.4K
antoniosilva.66,353.4K
brunofernandes8,10.3M
bernardocarvalhosilva,4.7M
rubendsneves,1.9M
joaopalhinha6,1.1M
vitinha,4.3M
matheusnunes73,628.0K
renatoveiga95,326.6K
joao_neves87,2.2M
cristiano,671.7M
carlos.forbs,154.4K
iamrafaeleao93,7.2M
trincao,881.8K
joaofelix79,12.9M
goncaloramos88,899.9K
francisco.conceicao7,913.1K
__shehab22,28.0K
abunada21,23.7K
barsham01,59.4K
gueye.seydinalaye,799.0K
lucas.mendes4,10.6K
tareksalman,78.0K
jassim.gaber,33.2K
homam_99,26.2K
yusif_ay,315.3K
alhashmihs,4.7K
sultan_albraik,28.5K
__mw77,46.1K
abdulaziz_hatim,37.2K
oualiayoub7,1.3K
-,Error
ahmedfathi_24,2.0M
madibo_96,56.4K
ahmed.alaa27,388.0K
mmuntari_,48.3K
akramafif,136.0K
edmilsonjunior22,101.2K
14kx,26.9K
mohamedkgouda,2.7K
raghid_najjar_36,113.9K
nf.d26,270.3K
a.alsanbi,41.8K
hos__5,303.6K
abo_nasr5,714.1K
waleeed178,12.1K
nawaf_buwashal,550.0K
ali_majrashi27,78.0K
m.suliman.5,23.1K
29salem,2.4M
kannoo18,780.8K
nassiraldosrii6,305.1K
k.abdullah6_,442.5K
aiman.yahya_23,407.0K
m.aljuwayr43,195.5K
m.abualshamat2,26.4K
j.thekri4,5.9K
murad_harun18,37.7K
saleh_alshehri11,534.4K
a.alobud24,226.4K
frr9_,202.0K
a.alhamddan,258.8K
abualshamat_47,104.0K
liamkelly_1,44.1K
craig_gordon1,94.2K
scottbain_,1.1K
andyrobertson94,4.5M
granthanley5,205.0K
johnsouttar44,76.5K
scottmckenna19,25.9K
jackhendry22,98.8K
kierantierney,1.0M
anthony_ralston1,100.0K
aaronhickey51,63.7K
_joshdoig,18.3K
ryanchristie2,128.3K
kennymclean66,49.3K
johnmcginn7,429.7K
lewisferguson6,81.2K
andyirving10,10.4K
scottmctominay,3.6M
connorbarron29,55.4K
lawrenceshankland,48.8K
lyndondykes,74.2K
cheadams_,129.9K
george_hirst,32.2K
bendoak._,369.7K
yehvann,224.1K
edou_mendy,2.8M
morydiaw_40,351.1K
msarr6_,583.3K
kkoulibaly26,3.0M
seck_3,248.0K
ismailjakobs,1.0M
niakhate,701.0K
a.mendy27,195.3K
el_hadji_malick_diouf26,558.4K
iganagueye,2.3M
papite8,469.9K
habib.diarra.38,396.6K
lamine_camara_15,732.6K
krepindiatta,713.4K
pape,1.2M
ousseynouniang_lofficiel,262.2K
p.gueye24,1.1M
lamine_camara_5,301.0K
boulaye_dia,245.0K
sadiomaneofficiel,16.7M
jackson.nj11,1.9M
pape_cherif_ndiaye,296.7K
ilimanndiaye10,867.6K
ismaila_sarr_18,1.2M
h_ina_diallo_20,185.2K
cheikh_sabaly_11,212.3K
ib.mbaye17,703.8K
ronwen30,330.3K
s__chaine31,146.8K
ricardogoss13,21.0K
tylon_smith_,48.5K
ndamane25,12.5K
mbekezel05,97.5K
samu.kabini_3,4.3K
nkosinathi_sibisi29,75.3K
sailor_mudau,267.3K
siyabonga_ngezana,115.6K
thabang_matuludi,8.7K
moloisane.24,2.8K
mokoena_28,467.5K
thalente_wandile25,103.4K
modiba_16,147.1K
tshepang_moremii,130.9K
yaya_sithole_42,26.4K
bathusi_aubaas,37.9K
the_real_master_chef_,156.0K
mduduzishabalala12,212.3K
oswinappollis_11,103.3K
lyle.foster17,78.4K
relebohile_ratomo_15,588.7K
mohau_nkota_7,212.7K
kideomokwana,25.6K
evidence___makgopa,113.5K
shandrecampbell21,97.6K
iqraamrayners,23.1K
d.raya1,1.3M
alexremiro1,152.0K
-,Error
laporte,2.7M
grimaldo35,1.0M
cucurella3,2.5M
pedroporro29_,688.8K
danivivian5,93.0K
deanhuijsen,5.2M
paucubarsi,5.5M
marcosllorente,2.5M
mikelmerino,1.4M
fabianruiz52,1.4M
aleixgarcia97,161.9K
pablofornals,206.2K
daniolmo,5.4M
martin_zubimendi,822.0K
yeresantos10,192.7K
alexbbaena,252.8K
pablobarrios,218.9K
ferminlopez,6.0M
borjaiglesias9,476.1K
mikel10oyar,290.0K
jorge_defrutoss,40.9K
ferrantorres,6.9M
samuaghehowa9,244.0K
ymvogo,83.4K
gregorkobel,624.2K
marvinkeller1,8.1K
rrodriguez.68,329.6K
silvanwidmer,40.0K
nicoelvedi30,87.5K
manuelobafemiakanji,1.5M
mvromu,52.8K
beciromeragic_,16.0K
isaacschmidt33,25.0K
aureleamenda,15.7K
luca_jaquez,10.3K
adrianbajrami._,22.1K
granitxhaka,3.5M
dsow8,66.6K
fassnacht16,30.4K
michel.aebischer,29.9K
iamrubenvargas,127.3K
simonsohmjr,47.1K
fabianrieder32,38.0K
_jkmanzambi,17.1K
breelembolo97,421.0K
cedricitten_13,66.6K
andizeqiri99,57.4K
danndoye10,158.2K
farhati_01,30.1K
aymen_dahmen_30,76.2K
bechir_said_32,53.0K
sabri.benhassen16,38.1K
ali_abdi_officiel,146.0K
montassartalbi,287.4K
ymeriah,206.2K
dylanbronnofficiel,144.2K
maaloul_ali_,3.0M
ghandriofficiel,985.9K
yan.valery,96.8K
adem_arous,3.7K
mohamed_ali_ben_romdhan,356.2K
eliasachouri,94.1K
hannibal.mj,1.2M
ferjanisassioff,933.5K
mohamed_ali_ben_hamouda_27,119.4K
mouhamed_bel_haj_mahmoud,21.5K
ellyes_skhiri,116.2K
mortadha_benouanes,94.3K
houssem_tka,70.5K
elias.saad99,41.9K
mastouri_hazem,38.8K
i.gharbi10,523.4K
chawat____22,86.2K
naimsliti,582.0K
sebastiantounekti,278.3K
seifeddine_jaziri,504.2K
jklinsmann33,26.3K
mattyicefreese,31.2K
_patrickschulte_,13.2K
roman413,12.3K
markmckenzie4,32.6K
tim.ream13,40.3K
austontrusty3,74.7K
_alexfreemann,17.9K
_milesrobinson_,46.8K
sgd_2,1.8M
jjscally_3,48.8K
johntolkin,20.8K
diegsterz,62.9K
cristianroldan_,61.8K
timothy.tillman,23.1K
baaronson7,204.3K
aidanzmorris,28.3K
sebastianberhalter,26.5K
frantanjam5,80.3K
gioareyna,510.7K
hajiwright,51.2K
balogun,319.3K
pepi_ricardo,113.6K
maxarfsten,26.7K
santimele1,319.2K
crisfiermarin1,20.1K
kevin__martinez32,3.5K
pumitaa_4,370.9K
guillermovarela4,1.9M
josemariagimenez,1.0M
mathiasolivera5,343.7K
santibuenoo,68.0K
joacopiquerez,1.3M
matiasv17,1.2M
ronaldaraujo_4,7.7M
seba4caceres,432.6K
emimartinez.32,365.5K
g10dearrascaeta,8.9M
nahitannandez25,1.0M
rodrigo_bentancur,1.9M
ugartemanu,1.4M
nacholaquintana25,73.0K
maximilianoaraujo6,255.1K
rodrigozalazar,95.5K
juanma_sanabria7,23.0K
facupellistri,983.1K
homenchenko_28,69.0K
facutorres11,631.1K
lucho_rodriguezz24,206.6K
brianrodriguez_10,1.2M
aguirrerodrigo21,397.9K
federicovinas98,476.8K
ergashev_b_23,6.7K
abduvohid_nematov,82.2K
vo1odya_13_,159.0K
ashurmatov02,218.2K
farux.sayfiev,5.5K
umar_eshmurodov92,5.3K
khojiakbar_alijonov,9.8K
husniddin_alikulov,32.5K
nasrullayevsherzod34,47.3K
abdukodir_khusanov_,1.7M
khamraliyev_muhammadqodir,5.1K
iskanderov_jamshid,30.4K
khamrobekov7,66.8K
khamdamov_17,29.5K
shukurov_o29,121.2K
ganiev.6,51.3K
a.k.i_7,11.4K
turgunboev_10,17.7K
oston_urunov,1.0M
a_abdullaev.10,6.2K
sardorbaxromov.7,1.9K
sergeev_i.e.d.a,134.8K
shomurodov.eldor,686.1K
xojimat_erkinov,78.2K
husayn_norchayev,40.1K
ruslanbekjiyanov7,17.4K
